year,strategy,run_id,status,signal_months,prediction_months,artifact_kinds,avg_holdings,cagr,sharpe,sortino,max_drawdown,turnover,total_cost_twd,cost_pct_initial_capital,rank_ic,mean_continuous_rank_ic,mean_top15_excess_return,mean_top_bottom_spread
2020,Top15/Hold15,oos-2020-factor-v4-pseudohuber-NObuffer-NOrefit,succeeded,12,12,5,15.0,0.1406767347058382,1.015469403059695,1.3203558344926674,-0.12997313180617986,11.026282475368845,1406854.7273126827,0.046895157577089425,0.011961595896602248,0.011961595896602248,0.013088059817291461,0.020457747131780238
2020,Top15/Hold30,oos-2020-factor-v4-pseudohuber-NOrefit,succeeded,12,12,5,15.833333333333334,0.1301959732524598,0.9700609741931738,1.2521125131982722,-0.12997313180617986,10.749889194093724,1356549.6434833857,0.04521832144944619,0.011961595896602248,0.011961595896602248,0.013088059817291461,0.020457747131780238
2020,Top30/Hold60,oos-2020-factor-v4-pseudohuber-top30-hold60-NOrefit,succeeded,12,12,5,31.5,0.061353059433425505,0.5184342962042265,0.6083050068915188,-0.14678093656161306,11.379174527526338,1370604.900120322,0.04568683000401073,0.011961595896602248,0.011961595896602248,0.013088059817291461,0.020457747131780238
2021,Top15/Hold15,oos-2021-factor-v4-pseudohuber-NObuffer-NOrefit,succeeded,12,12,5,15.0,0.13702360775748712,0.9035221165472435,1.2897429362964916,-0.11358120479027733,8.28394462340341,1082360.3652715886,0.03607867884238628,0.028058698706867325,0.028058698706867325,0.003182588238812007,0.010437813873121718
2021,Top15/Hold30,oos-2021-factor-v4-pseudohuber-NOrefit,succeeded,12,12,5,15.916666666666666,0.12985683214141197,0.9117009240552771,1.3041518138097674,-0.1036921385106313,7.861580145439439,1019089.2412215443,0.03396964137405148,0.028058698706867325,0.028058698706867325,0.003182588238812007,0.010437813873121718
2021,Top30/Hold60,oos-2021-factor-v4-pseudohuber-top30-hold60-NOrefit,succeeded,12,12,5,34.25,0.10052531769357942,0.8036103859538037,1.0063933058676222,-0.11466450976481313,8.53687468633394,1080492.0152326415,0.03601640050775472,0.028058698706867325,0.028058698706867325,0.003182588238812007,0.010437813873121718
2022,Top15/Hold15,oos-2022-factor-v4-pseudohuber-NObuffer-NOrefit,succeeded,12,12,5,15.0,-0.03364063464855538,-0.17641144714764515,-0.2244604211493689,-0.16300548979379237,10.532683815030355,1163746.769530599,0.0387915589843533,0.01606293918532056,0.01606293918532056,0.012715966672835116,0.019863771356879265
2022,Top15/Hold30,oos-2022-factor-v4-pseudohuber-NOrefit,succeeded,12,12,5,15.583333333333334,-0.031458927429091066,-0.17137224162212397,-0.2172079488604045,-0.15560971022312176,10.104045594314336,1116677.1910003386,0.03722257303334462,0.01606293918532056,0.01606293918532056,0.012715966672835116,0.019863771356879265
2022,Top30/Hold60,oos-2022-factor-v4-pseudohuber-top30-hold60-NOrefit,succeeded,12,12,5,32.666666666666664,-0.04328762859475899,-0.3117103319715407,-0.38299675698950336,-0.1512346456021436,9.341059798687564,1029927.8864654454,0.03433092954884818,0.01606293918532056,0.01606293918532056,0.012715966672835116,0.019863771356879265
2023,Top15/Hold15,oos-2023-factor-v4-pseudohuber-NObuffer-NOrefit,succeeded,12,12,5,15.0,0.2002159345482335,1.5420790445255526,2.230653286441602,-0.0621022375608592,11.196523318863273,1439937.3936574683,0.047997913121915606,0.03159974783863486,0.03159974783863486,0.01891909257419327,0.015384682559646387
2023,Top15/Hold30,oos-2023-factor-v4-pseudohuber-NOrefit,succeeded,12,12,5,16.083333333333332,0.15809909326786142,1.3328842180153653,1.949432001486884,-0.05871360416822047,10.338692747013443,1296219.9868097692,0.043207332893658974,0.03159974783863486,0.03159974783863486,0.01891909257419327,0.015384682559646387
2023,Top30/Hold60,oos-2023-factor-v4-pseudohuber-top30-hold60-NOrefit,succeeded,12,12,5,33.916666666666664,0.11276576013744766,1.0170555020777272,1.4155458636950942,-0.06334862417962206,10.522380481142644,1303275.1028891779,0.04344250342963926,0.03159974783863486,0.03159974783863486,0.01891909257419327,0.015384682559646387
2024,Top15/Hold15,oos-2024-factor-v4-pseudohuber-NObuffer-NOrefit,succeeded,12,12,5,15.0,0.23665977472501143,1.4363794951863746,1.798087710259205,-0.12487665642760404,12.78327793678457,1736833.8851423073,0.05789446283807691,0.08331834056654636,0.08331834056654636,0.017303089047960993,0.011952700655215519
2024,Top15/Hold30,oos-2024-factor-v4-pseudohuber-NOrefit,succeeded,12,12,5,16.916666666666668,0.24860977096911463,1.5634247723173589,2.0870428608090164,-0.12451215364419832,11.39797216061907,1564769.4924382877,0.052158983081276256,0.08331834056654636,0.08331834056654636,0.017303089047960993,0.011952700655215519
2024,Top30/Hold60,oos-2024-factor-v4-pseudohuber-top30-hold60-NOrefit,succeeded,12,12,5,34.666666666666664,0.14030394831943127,1.2930435676948182,1.6928980201742574,-0.09225748929444177,11.53033107119693,1478502.8882726484,0.04928342960908828,0.08331834056654636,0.08331834056654636,0.017303089047960993,0.011952700655215519
