trial,max_depth,learning_rate,n_estimators,subsample,colsample_bytree,min_child_weight,reg_alpha,reg_lambda,random_state,rank_ic
0,5,0.2536999076681772,233,0.8394633936788146,0.6624074561769746,2,3.3323645788192616e-08,0.6245760287469893,42,0.07886791282098671
1,6,0.11114989443094977,55,0.9879639408647978,0.9329770563201687,3,4.329370014459266e-07,4.4734294104626844e-07,42,0.14077304657056938
2,4,0.05958389350068958,158,0.7164916560792167,0.8447411578889518,2,4.258943089524393e-06,1.9826980964985924e-05,42,0.15610385360228185
3,5,0.14447746112718687,100,0.8056937753654446,0.836965827544817,1,0.0029369981104377003,3.425445902633376e-07,42,0.1273351314033825
4,3,0.2521267904777921,292,0.9233589392465844,0.7218455076693483,1,0.014391207615728067,9.148975058772307e-05,42,0.11790491775179174
5,3,0.05388108577817234,58,0.9637281608315128,0.7035119926400067,7,6.388511557344611e-06,0.0004793052550782129,42,0.17280000553286656
6,6,0.01875220945578641,293,0.9100531293444458,0.9757995766256756,9,0.002404915432737351,1.9809253750493907,42,0.15442520137856822
7,3,0.01947558230629543,61,0.7301321323053057,0.7554709158757928,3,0.28749982347407854,1.6247252885719427e-05,42,0.1704869921967891
8,4,0.06333268775321843,85,0.9208787923016158,0.6298202574719083,10,0.08916674715636537,6.143857495033091e-07,42,0.16628292077580414
9,3,0.1601531217136121,227,0.8916028672163949,0.9085081386743783,1,1.683416412018213e-05,1.1036250149900698e-07,42,0.13616998578457512
10,3,0.19163297245094946,143,0.9641933498300259,0.6173638575880452,7,2.1146044656120936e-06,2.2129743722609514e-06,42,0.14203667318407803
11,4,0.040438535739947074,56,0.8285225422178807,0.7377109619822961,5,0.036951932272202025,0.00048344239734196206,42,0.16760804024584663
12,3,0.016243167680911007,80,0.7844497176495738,0.8352568294155039,5,5.271251632011164e-06,2.444198055342606e-05,42,0.17058504073359504
13,3,0.014240507361428732,70,0.8707076428982466,0.8381567901968539,7,0.00016866109477872108,0.0007201731132010557,42,0.1702369511143102
14,3,0.07934872867142527,80,0.7668440292556752,0.7617376315438261,5,2.3037110731148526e-07,5.8206127220458755e-05,42,0.1690616491413011
15,3,0.01509554676214966,90,0.8697560515871854,0.6664513424926208,10,4.972701210264715e-07,0.0001901334026332465,42,0.16810637080031446
16,3,0.15556295733456701,53,0.8987557788840921,0.6550785889724551,7,0.00013755178721210553,0.0010419670971976952,42,0.16422824503083674
17,3,0.025186112605795053,61,0.9958252657809359,0.9205779700887142,7,3.1325157709950108e-06,8.507556607573814e-05,42,0.17003769446794542
18,4,0.012793370918879493,53,0.8695737485601828,0.7269524199293568,6,7.375791291005648e-08,0.00023919093161960442,42,0.17036366673651163
19,4,0.016885819847514798,73,0.7832934506411782,0.7502495257714878,5,2.7054262389377165e-05,0.002376287720270741,42,0.16898602318636502
20,3,0.025568036159844376,54,0.8716723968916201,0.6881005543865064,6,0.00015883384349854528,0.00030193244085348716,42,0.16966924184422658
21,4,0.02938429718209886,54,0.7358902848846056,0.7590294962244195,3,0.16338781527551782,1.0334617753267287e-07,42,0.17305134442929912
22,4,0.02209832486528681,73,0.8222832097586692,0.7334846634963776,3,8.651454190587716,4.0832258180125216e-08,42,0.17210945106066602
23,3,0.054320419475050404,76,0.8502459478772482,0.8000521858771474,4,2.2761060779792714,3.336956313734102e-08,42,0.17026004576871998
24,5,0.02107644391111611,55,0.7232453968309636,0.6883804007698721,3,3.9854706072699533,3.336904558368768e-08,42,0.17152577875010022
25,3,0.023239683031482695,88,0.7755381472602297,0.6393520185917516,3,3.5373399546771487,5.770207669215165e-07,42,0.17272064214038368
26,3,0.01979374475847524,88,0.6151539942133735,0.6505776745139819,1,3.344114036368985,0.0002304351708637563,42,0.1705090747141793
27,5,0.029420345385087972,73,0.6858017439000972,0.8060779544743275,5,0.4667897609926002,1.8986911446328753e-08,42,0.16909759351776832
28,5,0.027083910963862028,74,0.7262071753466609,0.7026762010390799,2,0.009151843502778355,8.697516411449396e-08,42,0.1694801400498644
29,3,0.027481840731745907,52,0.7817153779852322,0.6982896196427948,1,0.12958437041279766,1.5793292764037574e-07,42,0.17194182656245133
30,5,0.015888289046499065,75,0.8064663916476597,0.7265461227741431,3,0.010365172657133645,3.0013618329497675e-07,42,0.1723250495878853
31,3,0.050673038302599574,89,0.7178013067010452,0.7807936241831943,1,0.031306915840825345,1.492148914161291e-07,42,0.17061568492459234
32,3,0.021798146795892724,87,0.7347744580221653,0.6957837644449376,4,0.02405314702766694,1.0888497387991071e-07,42,0.16972135501489338
33,3,0.02643414594168628,54,0.7460074454460877,0.6094619049169918,3,0.14272539361835213,7.449935963938867e-05,42,0.17197172125506974
34,4,0.03032394439124487,80,0.7286924560586684,0.7108379062271889,2,3.1172097919230684,4.1990275526686857e-07,42,0.17277173890701175
35,5,0.024888911920041036,75,0.697690726528247,0.7901211735152109,2,3.9113877868322597,9.280113993815958e-07,42,0.167495314697995
36,3,0.03253446173265574,54,0.6732531481750055,0.6416200801066664,6,7.206514356462999,3.327582224706757e-07,42,0.1735648265619739
37,3,0.03616119436314179,102,0.7033861603434535,0.6011063461686903,5,8.311221770473534,7.504342768029315e-07,42,0.17397754188047068
38,3,0.02072653651784134,53,0.6911963135372657,0.6402081240344707,6,2.0473258600294884,2.5781647124271943e-07,42,0.16960516474117224
39,3,0.02350254832054317,89,0.670995821740464,0.6581725057811593,6,7.3986528194092305,7.327522272373236e-07,42,0.17292557291333724
40,3,0.03273183822056452,61,0.691100276058015,0.6301679026012221,6,2.878483442440648,3.4159853669114886e-05,42,0.16981553078342496
41,3,0.03409564605386824,80,0.695067945166294,0.6164435658894674,5,7.656783998978606,2.5324369844902114e-06,42,0.17202200208166174
42,3,0.025339109234371708,63,0.7443634449089725,0.7022893244354619,5,7.497647756358856,1.4407346789449091e-06,42,0.1708856419696254
43,3,0.03421505237292307,99,0.7124998754696898,0.6795196267359971,6,1.9719971440595323,3.0461918943172186e-05,42,0.17209463835194824
44,3,0.023793720004937634,70,0.6381860188076738,0.6348294877531252,6,1.2826844874885122,8.078376839395748e-08,42,0.17119894949293457
45,3,0.03684671490673731,98,0.6402294679486659,0.6559574251186856,7,1.6266360480911757,3.605838613259168e-06,42,0.17324757787534686
46,3,0.030492584408879385,94,0.6402813768508636,0.6815623033289292,7,0.5050376135821524,1.4607227316596569e-05,42,0.17146014110575836
47,3,0.05566391155975178,68,0.6667910595787905,0.6501219914271938,7,0.711989262358855,1.0976299287209354e-05,42,0.1691387019885816
48,3,0.04187872305370485,79,0.6742455736020871,0.6795361710945221,7,3.8296107343001116,2.6898858286841553e-08,42,0.1731951221124623
49,3,0.05654816320246026,115,0.6345325101209499,0.6601137768445194,7,4.6230256624642845,2.167131561024925e-06,42,0.17070163897724613
