signal_date,stock_id,market,reason,formal_listing_date,official_source_url,evidence
2019-02-27,4572,TWSE,before_official_formal_listing_date,2019-09-10,https://www.tpex.org.tw/storage/eb_data/10809/10800102661.html,Official exchange announcement gives formal listing date 2019-09-10
2019-04-30,4572,TWSE,before_official_formal_listing_date,2019-09-10,https://www.tpex.org.tw/storage/eb_data/10809/10800102661.html,Official exchange announcement gives formal listing date 2019-09-10
2019-04-30,4580,TPEX,not_on_official_tpex_mainboard_roster,,https://www.tpex.org.tw/zh-tw/mainboard/trading/historical/market-value.html,STK_MKV_1080430.csv: queried official mainboard data for the signal date; security absent from all rows
2019-04-30,6679,TPEX,not_on_official_tpex_mainboard_roster,,https://www.tpex.org.tw/zh-tw/mainboard/trading/historical/market-value.html,STK_MKV_1080430.csv: queried official mainboard data for the signal date; security absent from all rows
2019-04-30,6706,TWSE,before_official_formal_listing_date,2019-12-19,https://www.twse.com.tw/company/newlisting?response=html,Official exchange announcement gives formal listing date 2019-12-19
2019-08-30,4150,TPEX,not_on_official_tpex_mainboard_roster,,https://www.tpex.org.tw/zh-tw/mainboard/trading/historical/market-value.html,STK_MKV_1080830.csv: queried official mainboard data for the signal date; security absent from all rows
2019-08-30,4572,TWSE,before_official_formal_listing_date,2019-09-10,https://www.tpex.org.tw/storage/eb_data/10809/10800102661.html,Official exchange announcement gives formal listing date 2019-09-10
2019-09-27,4150,TPEX,not_on_official_tpex_mainboard_roster,,https://www.tpex.org.tw/zh-tw/mainboard/trading/historical/market-value.html,STK_MKV_1080927.csv: queried official mainboard data for the signal date; security absent from all rows
2019-09-27,6638,TPEX,not_on_official_tpex_mainboard_roster,,https://www.tpex.org.tw/zh-tw/mainboard/trading/historical/market-value.html,STK_MKV_1080927.csv: queried official mainboard data for the signal date; security absent from all rows
2020-03-31,4150,TPEX,not_on_official_tpex_mainboard_roster,,https://www.tpex.org.tw/zh-tw/mainboard/trading/historical/market-value.html,STK_MKV_1090331.csv: queried official mainboard data for the signal date; security absent from all rows
2020-04-30,4150,TPEX,not_on_official_tpex_mainboard_roster,,https://www.tpex.org.tw/zh-tw/mainboard/trading/historical/market-value.html,STK_MKV_1090430.csv: queried official mainboard data for the signal date; security absent from all rows
2020-08-31,5222,TWSE,before_official_formal_listing_date,2021-10-25,https://www.twse.com.tw/company/newlisting?response=html,Official exchange announcement gives formal listing date 2021-10-25
2020-08-31,6564,TPEX,not_on_official_tpex_mainboard_roster,,https://www.tpex.org.tw/zh-tw/mainboard/trading/historical/market-value.html,STK_MKV_1090831.csv: queried official mainboard data for the signal date; security absent from all rows
2020-08-31,6572,TPEX,not_on_official_tpex_mainboard_roster,,https://www.tpex.org.tw/zh-tw/mainboard/trading/historical/market-value.html,STK_MKV_1090831.csv: queried official mainboard data for the signal date; security absent from all rows
2020-08-31,6634,TPEX,not_on_official_tpex_mainboard_roster,,https://www.tpex.org.tw/zh-tw/mainboard/trading/historical/market-value.html,STK_MKV_1090831.csv: queried official mainboard data for the signal date; security absent from all rows
2020-09-30,3138,TWSE,before_official_formal_listing_date,2020-12-11,https://www.twse.com.tw/company/newlisting?response=html,Official exchange announcement gives formal listing date 2020-12-11
2020-09-30,4117,TPEX,not_on_official_tpex_mainboard_roster,,https://www.tpex.org.tw/zh-tw/mainboard/trading/historical/market-value.html,STK_MKV_1090930.csv: queried official mainboard data for the signal date; security absent from all rows
2020-09-30,4768,TPEX,not_on_official_tpex_mainboard_roster,,https://www.tpex.org.tw/zh-tw/mainboard/trading/historical/market-value.html,STK_MKV_1090930.csv: queried official mainboard data for the signal date; security absent from all rows
2020-09-30,5222,TWSE,before_official_formal_listing_date,2021-10-25,https://www.twse.com.tw/company/newlisting?response=html,Official exchange announcement gives formal listing date 2021-10-25
2020-09-30,6634,TPEX,not_on_official_tpex_mainboard_roster,,https://www.tpex.org.tw/zh-tw/mainboard/trading/historical/market-value.html,STK_MKV_1090930.csv: queried official mainboard data for the signal date; security absent from all rows
2020-10-30,3138,TWSE,before_official_formal_listing_date,2020-12-11,https://www.twse.com.tw/company/newlisting?response=html,Official exchange announcement gives formal listing date 2020-12-11
2020-11-30,3138,TWSE,before_official_formal_listing_date,2020-12-11,https://www.twse.com.tw/company/newlisting?response=html,Official exchange announcement gives formal listing date 2020-12-11
2020-11-30,4194,TPEX,not_on_official_tpex_mainboard_roster,,https://www.tpex.org.tw/zh-tw/mainboard/trading/historical/market-value.html,STK_MKV_1091130.csv: queried official mainboard data for the signal date; security absent from all rows
2020-11-30,4925,TPEX,not_on_official_tpex_mainboard_roster,,https://www.tpex.org.tw/zh-tw/mainboard/trading/historical/market-value.html,STK_MKV_1091130.csv: queried official mainboard data for the signal date; security absent from all rows
2020-11-30,6546,TPEX,not_on_official_tpex_mainboard_roster,,https://www.tpex.org.tw/zh-tw/mainboard/trading/historical/market-value.html,STK_MKV_1091130.csv: queried official mainboard data for the signal date; security absent from all rows
2020-11-30,6793,TPEX,not_on_official_tpex_mainboard_roster,,https://www.tpex.org.tw/zh-tw/mainboard/trading/historical/market-value.html,STK_MKV_1091130.csv: queried official mainboard data for the signal date; security absent from all rows
2020-12-31,4925,TPEX,not_on_official_tpex_mainboard_roster,,https://www.tpex.org.tw/zh-tw/mainboard/trading/historical/market-value.html,STK_MKV_1091231.csv: queried official mainboard data for the signal date; security absent from all rows
2020-12-31,6797,TPEX,not_on_official_tpex_mainboard_roster,,https://www.tpex.org.tw/zh-tw/mainboard/trading/historical/market-value.html,STK_MKV_1091231.csv: queried official mainboard data for the signal date; security absent from all rows
2021-01-29,4768,TPEX,not_on_official_tpex_mainboard_roster,,https://www.tpex.org.tw/zh-tw/mainboard/trading/historical/market-value.html,STK_MKV_1100129.csv: queried official mainboard data for the signal date; security absent from all rows
2021-01-29,4925,TPEX,not_on_official_tpex_mainboard_roster,,https://www.tpex.org.tw/zh-tw/mainboard/trading/historical/market-value.html,STK_MKV_1100129.csv: queried official mainboard data for the signal date; security absent from all rows
2021-01-29,6786,TPEX,not_on_official_tpex_mainboard_roster,,https://www.tpex.org.tw/zh-tw/mainboard/trading/historical/market-value.html,STK_MKV_1100129.csv: queried official mainboard data for the signal date; security absent from all rows
2021-01-29,6797,TPEX,not_on_official_tpex_mainboard_roster,,https://www.tpex.org.tw/zh-tw/mainboard/trading/historical/market-value.html,STK_MKV_1100129.csv: queried official mainboard data for the signal date; security absent from all rows
2021-01-29,6799,TWSE,before_official_formal_listing_date,2022-05-12,https://www.twse.com.tw/company/newlisting?response=html,Official exchange announcement gives formal listing date 2022-05-12
2021-02-26,4768,TPEX,not_on_official_tpex_mainboard_roster,,https://www.tpex.org.tw/zh-tw/mainboard/trading/historical/market-value.html,STK_MKV_1100226.csv: queried official mainboard data for the signal date; security absent from all rows
2021-02-26,5222,TWSE,before_official_formal_listing_date,2021-10-25,https://www.twse.com.tw/company/newlisting?response=html,Official exchange announcement gives formal listing date 2021-10-25
2021-02-26,6546,TPEX,not_on_official_tpex_mainboard_roster,,https://www.tpex.org.tw/zh-tw/mainboard/trading/historical/market-value.html,STK_MKV_1100226.csv: queried official mainboard data for the signal date; security absent from all rows
2021-02-26,6786,TPEX,not_on_official_tpex_mainboard_roster,,https://www.tpex.org.tw/zh-tw/mainboard/trading/historical/market-value.html,STK_MKV_1100226.csv: queried official mainboard data for the signal date; security absent from all rows
2021-02-26,6797,TPEX,not_on_official_tpex_mainboard_roster,,https://www.tpex.org.tw/zh-tw/mainboard/trading/historical/market-value.html,STK_MKV_1100226.csv: queried official mainboard data for the signal date; security absent from all rows
2021-02-26,6799,TWSE,before_official_formal_listing_date,2022-05-12,https://www.twse.com.tw/company/newlisting?response=html,Official exchange announcement gives formal listing date 2022-05-12
2021-03-31,6564,TPEX,not_on_official_tpex_mainboard_roster,,https://www.tpex.org.tw/zh-tw/mainboard/trading/historical/market-value.html,STK_MKV_1100331.csv: queried official mainboard data for the signal date; security absent from all rows
2021-03-31,6648,TPEX,not_on_official_tpex_mainboard_roster,,https://www.tpex.org.tw/zh-tw/mainboard/trading/historical/market-value.html,STK_MKV_1100331.csv: queried official mainboard data for the signal date; security absent from all rows
2021-03-31,6788,TPEX,not_on_official_tpex_mainboard_roster,,https://www.tpex.org.tw/zh-tw/mainboard/trading/historical/market-value.html,STK_MKV_1100331.csv: queried official mainboard data for the signal date; security absent from all rows
2021-03-31,6792,TWSE,before_official_formal_listing_date,2021-12-08,https://www.twse.com.tw/company/newlisting?response=html,Official exchange announcement gives formal listing date 2021-12-08
2021-03-31,6812,TPEX,not_on_official_tpex_mainboard_roster,,https://www.tpex.org.tw/zh-tw/mainboard/trading/historical/market-value.html,STK_MKV_1100331.csv: queried official mainboard data for the signal date; security absent from all rows
2021-04-29,6564,TPEX,not_on_official_tpex_mainboard_roster,,https://www.tpex.org.tw/zh-tw/mainboard/trading/historical/market-value.html,STK_MKV_1100429.csv: queried official mainboard data for the signal date; security absent from all rows
2021-04-29,6684,TPEX,not_on_official_tpex_mainboard_roster,,https://www.tpex.org.tw/zh-tw/mainboard/trading/historical/market-value.html,STK_MKV_1100429.csv: queried official mainboard data for the signal date; security absent from all rows
2021-04-29,6737,TPEX,not_on_official_tpex_mainboard_roster,,https://www.tpex.org.tw/zh-tw/mainboard/trading/historical/market-value.html,STK_MKV_1100429.csv: queried official mainboard data for the signal date; security absent from all rows
2021-04-29,6792,TWSE,before_official_formal_listing_date,2021-12-08,https://www.twse.com.tw/company/newlisting?response=html,Official exchange announcement gives formal listing date 2021-12-08
2021-04-29,6799,TWSE,before_official_formal_listing_date,2022-05-12,https://www.twse.com.tw/company/newlisting?response=html,Official exchange announcement gives formal listing date 2022-05-12
2021-04-29,6812,TPEX,not_on_official_tpex_mainboard_roster,,https://www.tpex.org.tw/zh-tw/mainboard/trading/historical/market-value.html,STK_MKV_1100429.csv: queried official mainboard data for the signal date; security absent from all rows
2021-05-31,4117,TPEX,not_on_official_tpex_mainboard_roster,,https://www.tpex.org.tw/zh-tw/mainboard/trading/historical/market-value.html,STK_MKV_1100531.csv: queried official mainboard data for the signal date; security absent from all rows
2021-05-31,6564,TPEX,not_on_official_tpex_mainboard_roster,,https://www.tpex.org.tw/zh-tw/mainboard/trading/historical/market-value.html,STK_MKV_1100531.csv: queried official mainboard data for the signal date; security absent from all rows
2021-05-31,6709,TPEX,not_on_official_tpex_mainboard_roster,,https://www.tpex.org.tw/zh-tw/mainboard/trading/historical/market-value.html,STK_MKV_1100531.csv: queried official mainboard data for the signal date; security absent from all rows
2021-05-31,6786,TPEX,not_on_official_tpex_mainboard_roster,,https://www.tpex.org.tw/zh-tw/mainboard/trading/historical/market-value.html,STK_MKV_1100531.csv: queried official mainboard data for the signal date; security absent from all rows
2021-05-31,6788,TPEX,not_on_official_tpex_mainboard_roster,,https://www.tpex.org.tw/zh-tw/mainboard/trading/historical/market-value.html,STK_MKV_1100531.csv: queried official mainboard data for the signal date; security absent from all rows
2021-06-30,6797,TPEX,not_on_official_tpex_mainboard_roster,,https://www.tpex.org.tw/zh-tw/mainboard/trading/historical/market-value.html,STK_MKV_1100630.csv: queried official mainboard data for the signal date; security absent from all rows
2021-07-30,6585,TWSE,before_official_formal_listing_date,2022-05-20,https://www.twse.com.tw/company/newlisting?response=html,Official exchange announcement gives formal listing date 2022-05-20
2021-07-30,6695,TWSE,before_official_formal_listing_date,2022-11-04,https://www.twse.com.tw/company/newlisting?response=html,Official exchange announcement gives formal listing date 2022-11-04
2021-07-30,6797,TPEX,not_on_official_tpex_mainboard_roster,,https://www.tpex.org.tw/zh-tw/mainboard/trading/historical/market-value.html,STK_MKV_1100730.csv: queried official mainboard data for the signal date; security absent from all rows
2021-07-30,6799,TWSE,before_official_formal_listing_date,2022-05-12,https://www.twse.com.tw/company/newlisting?response=html,Official exchange announcement gives formal listing date 2022-05-12
2021-08-31,6761,TPEX,not_on_official_tpex_mainboard_roster,,https://www.tpex.org.tw/zh-tw/mainboard/trading/historical/market-value.html,STK_MKV_1100831.csv: queried official mainboard data for the signal date; security absent from all rows
2021-08-31,6797,TPEX,not_on_official_tpex_mainboard_roster,,https://www.tpex.org.tw/zh-tw/mainboard/trading/historical/market-value.html,STK_MKV_1100831.csv: queried official mainboard data for the signal date; security absent from all rows
2021-08-31,6799,TWSE,before_official_formal_listing_date,2022-05-12,https://www.twse.com.tw/company/newlisting?response=html,Official exchange announcement gives formal listing date 2022-05-12
2021-09-30,4768,TPEX,not_on_official_tpex_mainboard_roster,,https://www.tpex.org.tw/zh-tw/mainboard/trading/historical/market-value.html,STK_MKV_1100930.csv: queried official mainboard data for the signal date; security absent from all rows
2021-09-30,6761,TPEX,not_on_official_tpex_mainboard_roster,,https://www.tpex.org.tw/zh-tw/mainboard/trading/historical/market-value.html,STK_MKV_1100930.csv: queried official mainboard data for the signal date; security absent from all rows
2021-10-29,6761,TPEX,not_on_official_tpex_mainboard_roster,,https://www.tpex.org.tw/zh-tw/mainboard/trading/historical/market-value.html,STK_MKV_1101029.csv: queried official mainboard data for the signal date; security absent from all rows
2021-11-30,4768,TPEX,not_on_official_tpex_mainboard_roster,,https://www.tpex.org.tw/zh-tw/mainboard/trading/historical/market-value.html,STK_MKV_1101130.csv: queried official mainboard data for the signal date; security absent from all rows
2021-11-30,6693,TPEX,not_on_official_tpex_mainboard_roster,,https://www.tpex.org.tw/zh-tw/mainboard/trading/historical/market-value.html,STK_MKV_1101130.csv: queried official mainboard data for the signal date; security absent from all rows
2021-11-30,8227,TPEX,not_on_official_tpex_mainboard_roster,,https://www.tpex.org.tw/zh-tw/mainboard/trading/historical/market-value.html,STK_MKV_1101130.csv: queried official mainboard data for the signal date; security absent from all rows
2021-12-30,4194,TPEX,not_on_official_tpex_mainboard_roster,,https://www.tpex.org.tw/zh-tw/mainboard/trading/historical/market-value.html,STK_MKV_1101230.csv: queried official mainboard data for the signal date; security absent from all rows
2021-12-30,4768,TPEX,not_on_official_tpex_mainboard_roster,,https://www.tpex.org.tw/zh-tw/mainboard/trading/historical/market-value.html,STK_MKV_1101230.csv: queried official mainboard data for the signal date; security absent from all rows
2021-12-30,6423,TPEX,not_on_official_tpex_mainboard_roster,,https://www.tpex.org.tw/zh-tw/mainboard/trading/historical/market-value.html,STK_MKV_1101230.csv: queried official mainboard data for the signal date; security absent from all rows
2021-12-30,6580,TPEX,not_on_official_tpex_mainboard_roster,,https://www.tpex.org.tw/zh-tw/mainboard/trading/historical/market-value.html,STK_MKV_1101230.csv: queried official mainboard data for the signal date; security absent from all rows
2021-12-30,6682,TPEX,not_on_official_tpex_mainboard_roster,,https://www.tpex.org.tw/zh-tw/mainboard/trading/historical/market-value.html,STK_MKV_1101230.csv: queried official mainboard data for the signal date; security absent from all rows
2021-12-30,6812,TPEX,not_on_official_tpex_mainboard_roster,,https://www.tpex.org.tw/zh-tw/mainboard/trading/historical/market-value.html,STK_MKV_1101230.csv: queried official mainboard data for the signal date; security absent from all rows
2021-12-30,8227,TPEX,not_on_official_tpex_mainboard_roster,,https://www.tpex.org.tw/zh-tw/mainboard/trading/historical/market-value.html,STK_MKV_1101230.csv: queried official mainboard data for the signal date; security absent from all rows
2022-01-26,6682,TPEX,not_on_official_tpex_mainboard_roster,,https://www.tpex.org.tw/zh-tw/mainboard/trading/historical/market-value.html,STK_MKV_1110126.csv: queried official mainboard data for the signal date; security absent from all rows
2022-01-26,6742,TWSE,before_official_formal_listing_date,2023-12-05,https://www.twse.com.tw/company/newlisting?response=html,Official exchange announcement gives formal listing date 2023-12-05
2022-01-26,6812,TPEX,not_on_official_tpex_mainboard_roster,,https://www.tpex.org.tw/zh-tw/mainboard/trading/historical/market-value.html,STK_MKV_1110126.csv: queried official mainboard data for the signal date; security absent from all rows
2022-02-25,6580,TPEX,not_on_official_tpex_mainboard_roster,,https://www.tpex.org.tw/zh-tw/mainboard/trading/historical/market-value.html,STK_MKV_1110225.csv: queried official mainboard data for the signal date; security absent from all rows
2022-02-25,6682,TPEX,not_on_official_tpex_mainboard_roster,,https://www.tpex.org.tw/zh-tw/mainboard/trading/historical/market-value.html,STK_MKV_1110225.csv: queried official mainboard data for the signal date; security absent from all rows
2022-02-25,6812,TPEX,not_on_official_tpex_mainboard_roster,,https://www.tpex.org.tw/zh-tw/mainboard/trading/historical/market-value.html,STK_MKV_1110225.csv: queried official mainboard data for the signal date; security absent from all rows
2022-03-31,4768,TPEX,not_on_official_tpex_mainboard_roster,,https://www.tpex.org.tw/zh-tw/mainboard/trading/historical/market-value.html,STK_MKV_1110331.csv: queried official mainboard data for the signal date; security absent from all rows
2022-03-31,6580,TPEX,not_on_official_tpex_mainboard_roster,,https://www.tpex.org.tw/zh-tw/mainboard/trading/historical/market-value.html,STK_MKV_1110331.csv: queried official mainboard data for the signal date; security absent from all rows
2022-03-31,6676,TPEX,not_on_official_tpex_mainboard_roster,,https://www.tpex.org.tw/zh-tw/mainboard/trading/historical/market-value.html,STK_MKV_1110331.csv: queried official mainboard data for the signal date; security absent from all rows
2022-03-31,6753,TWSE,before_official_formal_listing_date,2023-03-10,https://www.twse.com.tw/company/newlisting?response=html,Official exchange announcement gives formal listing date 2023-03-10
2022-03-31,6812,TPEX,not_on_official_tpex_mainboard_roster,,https://www.tpex.org.tw/zh-tw/mainboard/trading/historical/market-value.html,STK_MKV_1110331.csv: queried official mainboard data for the signal date; security absent from all rows
2022-04-29,6564,TPEX,not_on_official_tpex_mainboard_roster,,https://www.tpex.org.tw/zh-tw/mainboard/trading/historical/market-value.html,STK_MKV_1110429.csv: queried official mainboard data for the signal date; security absent from all rows
2022-04-29,6676,TPEX,not_on_official_tpex_mainboard_roster,,https://www.tpex.org.tw/zh-tw/mainboard/trading/historical/market-value.html,STK_MKV_1110429.csv: queried official mainboard data for the signal date; security absent from all rows
2022-04-29,6682,TPEX,not_on_official_tpex_mainboard_roster,,https://www.tpex.org.tw/zh-tw/mainboard/trading/historical/market-value.html,STK_MKV_1110429.csv: queried official mainboard data for the signal date; security absent from all rows
2022-04-29,6742,TWSE,before_official_formal_listing_date,2023-12-05,https://www.twse.com.tw/company/newlisting?response=html,Official exchange announcement gives formal listing date 2023-12-05
2022-04-29,6793,TPEX,not_on_official_tpex_mainboard_roster,,https://www.tpex.org.tw/zh-tw/mainboard/trading/historical/market-value.html,STK_MKV_1110429.csv: queried official mainboard data for the signal date; security absent from all rows
2015-02-26,6510,TPEX,before_official_formal_listing_date,2016-03-24,https://isin.twse.com.tw/isin/class_main.jsp?issuetype=4&market=2,Official ISIN listing record gives first TPEx listing date 2016-03-24
2015-05-29,8027,TPEX,before_official_formal_listing_date,2015-06-09,https://isin.twse.com.tw/isin/class_main.jsp?issuetype=4&market=2,Official ISIN listing record gives first TPEx listing date 2015-06-09
2016-09-30,6568,TPEX,before_official_formal_listing_date,2016-12-28,https://isin.twse.com.tw/isin/class_main.jsp?issuetype=4&market=2,Official ISIN listing record gives first TPEx listing date 2016-12-28
2016-10-31,6568,TPEX,before_official_formal_listing_date,2016-12-28,https://isin.twse.com.tw/isin/class_main.jsp?issuetype=4&market=2,Official ISIN listing record gives first TPEx listing date 2016-12-28
2016-11-30,6568,TPEX,before_official_formal_listing_date,2016-12-28,https://isin.twse.com.tw/isin/class_main.jsp?issuetype=4&market=2,Official ISIN listing record gives first TPEx listing date 2016-12-28
2017-01-24,4765,EMERGING,emerging_board_not_formal_mainboard,,https://isin.twse.com.tw/isin/C_public.jsp?strMode=5,Official ISIN record identifies 4765 as emerging-board; TPEX reported its OTC application pending board approval as of 2018-06-22
2017-02-24,6533,TWSE,before_official_formal_listing_date,2017-03-14,https://isin.twse.com.tw/isin/class_main.jsp?Page=&issuetype=1&market=1,Official ISIN listing record gives TWSE listing date 2017-03-14
2017-02-24,6613,TPEX,before_official_formal_listing_date,2017-12-28,https://isin.twse.com.tw/isin/class_main.jsp?issuetype=4&market=2,Official ISIN listing record gives first TPEx listing date 2017-12-28
2017-03-31,3178,TPEX,before_official_formal_listing_date,2018-11-19,https://isin.twse.com.tw/isin/class_main.jsp?issuetype=4&market=2,Official ISIN listing record gives first TPEx listing date 2018-11-19
2017-04-28,3178,TPEX,before_official_formal_listing_date,2018-11-19,https://isin.twse.com.tw/isin/class_main.jsp?issuetype=4&market=2,Official ISIN listing record gives first TPEx listing date 2018-11-19
2017-04-28,6613,TPEX,before_official_formal_listing_date,2017-12-28,https://isin.twse.com.tw/isin/class_main.jsp?issuetype=4&market=2,Official ISIN listing record gives first TPEx listing date 2017-12-28
2017-08-31,6588,TPEX,before_official_formal_listing_date,2020-07-01,https://isin.twse.com.tw/isin/class_main.jsp?issuetype=4&market=2,Official ISIN listing record gives first TPEx listing date 2020-07-01
2017-10-31,2241,TWSE,before_official_formal_listing_date,2020-08-26,https://www.twse.com.tw/staticFiles/news/news/tsecnews/ff80808171e8274501742500b2110ce6.pdf,Official TWSE announcement says initial listing started 2020-08-26 and identifies 2241's prior market as emerging
2017-10-31,6555,EMERGING,emerging_board_not_formal_mainboard,,https://isin.twse.com.tw/isin/C_public.jsp?strMode=5,Official ISIN record identifies 6555 as emerging-board; TPEx daily mainboard market-value list has no 6555 row for 2017-10-31
2018-05-31,3357,TPEX,before_official_formal_listing_date,2021-04-27,https://www.tpex.org.tw/storage/eb_data/11004/11000564091.html,Official TPEx announcement gives first general-board trading date 2021-04-27; prior trading was emerging-board
2018-05-31,6654,TPEX,before_official_formal_listing_date,2018-10-23,https://isin.twse.com.tw/isin/class_main.jsp?issuetype=4&market=2,Official ISIN listing record gives first TPEx listing date 2018-10-23
2018-06-29,3357,TPEX,before_official_formal_listing_date,2021-04-27,https://www.tpex.org.tw/storage/eb_data/11004/11000564091.html,Official TPEx announcement gives first general-board trading date 2021-04-27; prior trading was emerging-board
2018-06-29,6555,EMERGING,emerging_board_not_formal_mainboard,,https://isin.twse.com.tw/isin/C_public.jsp?strMode=5,Official ISIN record identifies 6555 as emerging-board; TPEx daily mainboard market-value list has no 6555 row for 2018-06-29
2018-06-29,6679,TPEX,before_official_formal_listing_date,2019-05-09,https://isin.twse.com.tw/isin/class_main.jsp?issuetype=4&market=2,Official ISIN listing record gives first TPEx listing date 2019-05-09
